{
  "chitchat": {
    "precision": 0.8333333333333334,
    "recall": 0.7142857142857143,
    "f1-score": 0.7692307692307692,
    "support": 14,
    "confused_with": {
      "faq": 3,
      "salutation": 1
    }
  },
  "NLG": {
    "precision": 0.8181818181818182,
    "recall": 0.5294117647058824,
    "f1-score": 0.6428571428571428,
    "support": 17,
    "confused_with": {
      "faq": 8
    }
  },
  "salutation": {
    "precision": 0.5,
    "recall": 0.5,
    "f1-score": 0.5,
    "support": 2,
    "confused_with": {
      "chitchat": 1
    }
  },
  "faq": {
    "precision": 0.9290322580645162,
    "recall": 0.993103448275862,
    "f1-score": 0.9600000000000001,
    "support": 145,
    "confused_with": {
      "NLG": 1
    }
  },
  "AuRevoir": {
    "precision": 0.0,
    "recall": 0.0,
    "f1-score": 0.0,
    "support": 2,
    "confused_with": {
      "chitchat": 1,
      "NLG": 1
    }
  },
  "accuracy": 0.9111111111111111,
  "macro avg": {
    "precision": 0.6161094819159335,
    "recall": 0.5473601854534917,
    "f1-score": 0.5744175824175823,
    "support": 180
  },
  "weighted avg": {
    "precision": 0.8960301944172914,
    "recall": 0.9111111111111111,
    "f1-score": 0.8994322344322345,
    "support": 180
  },
  "micro avg": {
    "precision": 0.9111111111111111,
    "recall": 0.9111111111111111,
    "f1-score": 0.9111111111111111,
    "support": 180
  }
}